Actual Growth Rate,Predicted Growth Rate
0.0,13.632766645827848
21.60166689314671,13.632766645827848
-1.9131461171494668,2.4047702097196746
