Actual Growth Rate,RF Predicted Growth Rate,DL Predicted Growth Rate
0.0,13.632766645827848,50.26907
21.60166689314671,13.632766645827848,29.154297
-1.9131461171494668,2.4047702097196746,5.1832957
